file	matching_lines
app/[lang]/for-agencies/page.tsx	1
app/[lang]/industries/automotive/page.tsx	10
app/[lang]/industries/fashion-beauty-apparel/page.tsx	1
app/[lang]/services/page.tsx	1
audit/case-study-media-presentation/source-media-inventory.md	2
audit/final-prelaunch/rendered-route-audit.json	24
audit/motion-correction/reference-browser-audit.json	1
audit/phase-14-browser/after-matrix.json	96
audit/phase-14-browser/before-matrix.json	84
audit/phase-3-2c/pre-implementation/public-media-inventory.json	1
audit/route-report.json	9
components/globe/VenusGlobeVisual.tsx	8
components/sections/CapabilityExpertisePages.tsx	14
components/sections/CommercialArchitecturePages.tsx	2
components/sections/ContactForm.tsx	8
components/sections/InformationArchitecturePages.tsx	1
components/sections/Phase3Capabilities.tsx	4
components/sections/Phase5AudiencePages.tsx	2
components/sections/experiences/CommercialProductionExperience.tsx	1
components/sections/experiences/EventsExhibitionsExperience.tsx	4
components/sections/experiences/TalentExperience.tsx	1
content/capability-media.generated.json	15
content/cases/index.ts	19
content/commercial-architecture.ts	3
content/evidence/case-evidence.ts	4
content/information-architecture.ts	18
content/market-entry.ts	2
content/media.ts	20
content/media/presentation-profiles.json	9
content/pages/about.ts	7
content/pages/fashion-beauty-apparel.ts	6
content/pages/industries.ts	4
content/pages/service-details.ts	10
content/pages/services.ts	2
content/phase3.ts	34
content/phase4.ts	7
content/roadshows.ts	9
content/service-proof.ts	6
content/site.ts	119
content/team.ts	2
docs/about-density-correction.md	1
docs/about-team-motion-visual-upgrade.md	3
docs/about-us-globe-reference-audit.md	9
docs/about-us-redesign.md	10
docs/case-studies-portfolio-system-upgrade.md	1
docs/case-study-media-audit.md	1
docs/case-study-media-presentation-audit.md	2
docs/commercial-architecture-homepage-spec.md	33
docs/commercial-evidence-university-reframing-audit.md	5
docs/commercial-truth-and-rights-gate.md	2
docs/content-migration-map.md	1
docs/final-commercial-messaging-phase.md	1
docs/final-media-replacement-checklist.md	2
docs/final-prelaunch-commercial-audit.md	2
docs/final-prelaunch-full-website-audit.md	4
docs/final-prelaunch-issue-registry.md	2
docs/final-prelaunch-page-scorecard.md	4
docs/final-prelaunch-visual-ux-audit.md	1
docs/institutional-project-evidence-intake.md	2
docs/motion-reference-audit.md	1
docs/page-motion-map.md	1
docs/phase-11-final-report.md	3
docs/phase-12-final-report.md	1
docs/phase-12-information-architecture-report.md	1
docs/phase-13-capability-to-case-gaps.md	1
docs/phase-13-final-report.md	1
docs/phase-13-image-placement-map.md	1
docs/phase-14-before-after-report.md	1
docs/phase-14-final-report.md	1
docs/phase-14-image-placement-map.md	6
docs/phase-2-5-commercial-ux-visual-audit.md	5
docs/phase-2-6-proof-first-conversion-refinement.md	1
docs/phase-2-commercial-architecture-implementation.md	2
docs/phase-3-1-commercial-audit.md	3
docs/phase-3-1-final-report.md	3
docs/phase-3-1-owner-evidence-pipeline.md	5
docs/phase-3-1-persona-commercial-test.md	7
docs/phase-3-1-proof-matrix.md	8
docs/phase-3-1-release-owner-checklist.md	1
docs/phase-3-2-case-placement-system.md	1
docs/phase-3-2-case-schema.md	1
docs/phase-3-2-evidence-flywheel.md	2
docs/phase-3-2-evidence-register.md	9
docs/phase-3-2-owner-case-intake-template.md	2
docs/phase-3-2-proof-gap-analysis.md	6
docs/phase-3-2b-client-psychology-test.md	3
docs/phase-3-2b-final-report.md	1
docs/phase-3-2c-final-commercial-visual-audit.md	4
docs/phase-3-2c-full-portfolio-visual-audit.md	18
docs/phase-3-2c-media-strategy-matrix.md	2
docs/phase-3-2d-adversarial-design-review.md	1
docs/phase-3-2d-art-direction-system.md	1
docs/phase-3-2d-page-redesign-decisions.md	1
docs/phase-3-3-case-evidence-gap-register.md	6
docs/phase-3-3-commercial-ia-plan.md	4
docs/phase-3-3-institutional-evidence-register.md	2
docs/phase-3-3-pre-implementation-commercial-audit.md	16
docs/phase-3-4-final-report.md	1
docs/phase-3-4-human-release-inputs.md	1
docs/phase-3-4-leadership-profile-input.md	1
docs/phase-3-4-priority-case-evidence-requests.md	4
docs/phase-3-copy-system.md	4
docs/phase-3-final-commercial-audit.md	3
docs/phase-3-information-architecture.md	1
docs/phase-3-strategic-repositioning-audit.md	8
docs/phase-4-commercial-architecture-visual-system.md	1
docs/phase-5-dual-audience-commercial-architecture.md	3
docs/phase-7-motion-refinement.md	1
docs/phase-8-final-report.md	1
docs/phase-9-venus-bridge-brand-refresh.md	3
docs/portfolio-content-review.md	9
docs/portfolio-missing-information.md	2
docs/release-closure-checklist.md	1
docs/scalable-commercial-case-evidence-system.md	2
docs/service-page-art-direction.md	2
docs/sitewide-commercial-copy-editorial-audit.md	2
docs/strategic-website-audit.md	37
docs/team-portrait-guidelines.md	1
docs/university-evidence-intake.md	1
docs/venus-bridge-about-us-report.md	4
docs/venus-bridge-brand-architecture.md	1
docs/venus-bridge-case-placement-matrix.md	4
docs/venus-bridge-content-diagnosis.md	12
docs/venus-bridge-content-required.md	7
docs/venus-bridge-global-partnerships-brand-migration.md	1
docs/venus-bridge-market-entry-scope.md	2
docs/venus-bridge-phase-10-report.md	1
docs/venus-bridge-roadshow-scenarios.md	1
docs/venus-bridge-team-content-required.md	3
docs/venus-work-commercial-narrative-v2.md	4
docs/visual-architecture-correction-audit.md	1
e2e/work-commercial-narrative-v2.spec.ts	4
lib/contact/validation.ts	2
lib/release.ts	5
public/_headers	1
scripts/generate-phase13-reports.mjs	3
scripts/import-case-study-upgrade-media.mjs	1
scripts/import-phase13-media.mjs	11
scripts/phase32c-media-intelligence.mjs	2
tests/phase-3-1-commercial.test.mjs	1
tests/phase-3-2-evidence.test.mjs	6
tests/phase-3-2c-experience.test.mjs	2
tests/phase-3-repositioning.test.mjs	1
